{"settings": {"general_volume": 0.5012376237623762, "music_volume": 0.0880503144654088, "sound_volume": 0.5188679245283019, "display_size": 0, "server_address": "join.dont-play-together.fr"}, "saves": {"dpt.levels.00_leveltest": {"1589306280": 3360}}}