{
  "settings": {
    "general_volume": 0.5012376237623762,
    "music_volume": 0.32075471698113206,
    "sound_volume": 0.5188679245283019,
    "display_size": 0,
    "server_address": "join.dont-play-together.fr"
  },
  "saves": {}
}