{
  "settings": {
    "general_volume": 0.6608910891089109,
    "music_volume": 0.15723270440251572,
    "sound_volume": 0.2830188679245283,
    "display_size": 0,
    "server_address": "join.dont-play-together.fr"
  },
  "saves": {}
}