{"settings": {"general_volume": 0.4962871287128713, "music_volume": 0.13836477987421383, "sound_volume": 0.5125786163522013, "display_size": 0, "server_address": "join.dont-play-together.fr"}, "saves": {"dpt.levels.leveltest": {"1589365548": 2120}}}