{
  "settings": {
    "general_volume": 0.5024752475247525,
    "music_volume": 0.09119496855345911,
    "sound_volume": 0.5220125786163522,
    "display_size": 0,
    "server_address": "join.dont-play-together.fr"
  },
  "saves": {}
}