{"settings": {"general_volume": 0.6646039603960396, "music_volume": 0.16352201257861634, "sound_volume": 0.29559748427672955, "display_size": 0, "server_address": "join.dont-play-together.fr"}, "saves": {}}