{
  "general_volume": 0.5037128712871287,
  "music_volume": 0.0,
  "sound_volume": 0.5786163522012578,
  "display_size": 0,
  "server_address": "localhost"
}