{
  "general_volume": 0.49303621169916434,
  "music_volume": 0.0,
  "sound_volume": 0.5531914893617021,
  "display_size": 1,
  "server_address": "localhost"
}