{
  "general_volume": 0.4900990099009901,
  "music_volume": 0.0,
  "sound_volume": 0.5440251572327044,
  "display_size": 0,
  "server_address": "localhost"
}