{"general_volume": 0.4591584158415842, "music_volume": 0.040880503144654086, "sound_volume": 0.5377358490566038, "display_size": 3, "server_address": "localhost"}