{"general_volume": 0.49257425742574257, "music_volume": 0.0, "sound_volume": 0.550314465408805, "display_size": 0, "server_address": "localhost"}