{
  "general_volume": 0.4962871287128713,
  "music_volume": 0.2893081761006289,
  "sound_volume": 1.0,
  "display_size": 0,
  "server_address": "localhost"
}