{
  "general_volume": 0.49025069637883006,
  "music_volume": 0.0,
  "sound_volume": 0.5460992907801419,
  "display_size": 1,
  "server_address": "localhost"
}