{"general_volume": 0.2103960396039604, "music_volume": 0.11635220125786164, "sound_volume": 0.5377358490566038, "display_size": 0, "server_address": "join.dont-play-together.fr"}