{
  "general_volume": 0.4863861386138614,
  "music_volume": 0.040880503144654086,
  "sound_volume": 0.5377358490566038,
  "display_size": 0,
  "server_address": "localhost"
}