{"general_volume": 0.4566831683168317, "music_volume": 0.2389937106918239, "sound_volume": 0.5314465408805031, "display_size": 0, "server_address": "localhost"}