{
  "general_volume": 0.6361386138613861,
  "music_volume": 0.42452830188679247,
  "sound_volume": 0.5377358490566038,
  "display_size": 0,
  "server_address": "localhost"
}